area_pix,mean_int,total_int,strain,exposure_ms,atc_ngml
100.0,5104.04,510404.0,auto,1000,0.0
102.0,5071.176470588235,517260.0,auto,1000,0.0
762.0,5073.742782152231,3866191.9999999995,auto,1000,0.0
414.0,5142.057971014493,2128812.0,auto,1000,0.0
144.0,5169.861111111111,744460.0,auto,1000,0.0
247.0,5210.048582995952,1286882.0,auto,1000,0.0
117.0,5152.119658119658,602798.0,auto,1000,0.0
248.0,5050.193548387097,1252448.0,auto,1000,0.0
156.0,5098.397435897436,795350.0,auto,1000,0.0
150.0,5090.8133333333335,763622.0,auto,1000,0.0
256.0,5206.87890625,1332961.0,auto,1000,0.0
112.0,5189.107142857143,581180.0,auto,1000,0.0
146.0,5191.972602739726,758028.0,auto,1000,0.0
97.0,5230.216494845361,507331.0,auto,1000,0.0
134.0,5185.164179104478,694812.0,auto,1000,0.0
155.0,5195.154838709677,805249.0,auto,1000,0.0
201.0,5151.517412935324,1035455.0,auto,1000,0.0
121.0,5162.396694214876,624650.0,auto,1000,0.0
122.0,5002.9672131147545,610362.0,auto,1000,0.0
114.0,5216.008771929824,594625.0,auto,1000,0.0
155.0,5176.961290322581,802429.0,auto,1000,0.0
222.0,5036.531531531532,1118110.0,auto,1000,0.0
120.0,5215.508333333333,625861.0,auto,1000,0.0
119.0,5165.865546218487,614738.0,auto,1000,0.0
159.0,5050.062893081761,802960.0,auto,1000,0.0
198.0,4981.712121212121,986379.0,auto,1000,0.0
101.0,5148.3861386138615,519987.0,auto,1000,0.0
178.0,5066.668539325843,901867.0000000001,auto,1000,0.0
114.0,4987.122807017544,568532.0,auto,1000,0.0
117.0,5117.735042735043,598775.0,auto,1000,0.0
148.0,5062.195945945946,749205.0,auto,1000,0.0
105.0,4990.561904761905,524009.0,auto,1000,0.0
105.0,4964.92380952381,521317.0,auto,1000,0.0
184.0,5118.228260869565,941754.0,auto,1000,0.0
112.0,4982.767857142857,558070.0,auto,1000,0.0
161.0,4988.391304347826,803131.0,auto,1000,0.0
166.0,5091.090361445783,845121.0,auto,1000,0.0
98.0,5103.4795918367345,500141.0,auto,1000,0.0
160.0,5013.5625,802170.0,auto,1000,0.0
120.0,5043.983333333334,605278.0,auto,1000,0.0
123.0,5197.211382113821,639257.0,auto,1000,0.0
206.0,5124.043689320389,1055553.0,auto,1000,0.0
66.0,5159.606060606061,340534.0,auto,1000,0.0
146.0,5231.1164383561645,763743.0,auto,1000,0.0
77.0,5114.2467532467535,393797.0,auto,1000,0.0
115.0,5153.24347826087,592623.0,auto,1000,0.0
69.0,5123.623188405797,353530.0,auto,1000,0.0
158.0,5146.107594936709,813085.0,auto,1000,0.0
116.0,5217.068965517241,605180.0,auto,1000,0.0
111.0,5284.477477477478,586577.0,auto,1000,0.0
134.0,5124.231343283582,686647.0,auto,1000,0.0
96.0,5230.958333333333,502172.0,auto,1000,0.0
81.0,5271.679012345679,427006.00000000006,auto,1000,0.0
169.0,4996.065088757397,844335.0,auto,1000,0.0
231.0,5030.471861471861,1162039.0,auto,1000,0.0
75.0,5029.28,377196.0,auto,1000,0.0
130.0,5021.6,652808.0,auto,1000,0.0
332.0,5043.421686746988,1674416.0,auto,1000,0.0
203.0,5061.71921182266,1027529.0,auto,1000,0.0
147.0,4975.9047619047615,731457.9999999999,auto,1000,0.0
356.0,5049.0224719101125,1797452.0,auto,1000,0.0
231.0,4971.025974025974,1148307.0,auto,1000,0.0
176.0,5134.681818181818,903704.0,auto,1000,0.0
122.0,5058.352459016393,617119.0,auto,1000,0.0
245.0,5021.812244897959,1230344.0,auto,1000,0.0
124.0,5023.048387096775,622858.0,auto,1000,0.0
113.0,4984.646017699115,563265.0,auto,1000,0.0
453.0,5108.969094922737,2314363.0,auto,1000,0.0
315.0,5088.228571428572,1602792.0,auto,1000,0.0
162.0,5130.956790123457,831215.0,auto,1000,0.0
154.0,5079.123376623376,782185.0,auto,1000,0.0
97.0,5034.360824742268,488333.0,auto,1000,0.0
105.0,4981.771428571428,523085.99999999994,auto,1000,0.0
168.0,5177.880952380952,869884.0,auto,1000,0.0
106.0,5120.490566037736,542772.0,auto,1000,0.0
106.0,5029.905660377359,533170.0,auto,1000,0.0
161.0,5084.472049689441,818599.9999999999,auto,1000,0.0
105.0,5146.009523809524,540331.0,auto,1000,0.0
292.0,5139.770547945205,1500813.0,auto,1000,0.0
129.0,5063.449612403101,653185.0,auto,1000,0.0
255.0,5122.333333333333,1306195.0,auto,1000,0.0
152.0,5085.105263157895,772936.0,auto,1000,0.0
130.0,5049.907692307693,656488.0,auto,1000,0.0
157.0,5104.777070063694,801449.9999999999,auto,1000,0.0
69.0,5124.840579710145,353614.0,auto,1000,0.0
72.0,5166.861111111111,372014.0,auto,1000,0.0
316.0,5117.481012658228,1617124.0,auto,1000,0.0
323.0,5215.510835913313,1684610.0,auto,1000,0.0
108.0,5151.490740740741,556361.0,auto,1000,0.0
108.0,5064.314814814815,546946.0,auto,1000,0.0
103.0,5125.1067961165045,527886.0,auto,1000,0.0
238.0,5188.9789915966385,1234977.0,auto,1000,0.0
513.0,5217.888888888889,2676777.0,auto,1000,0.0
96.0,5147.020833333333,494114.0,auto,1000,0.0
145.0,5078.124137931034,736327.9999999999,auto,1000,0.0
132.0,5082.507575757576,670891.0,auto,1000,0.0
165.0,5097.266666666666,841049.0,auto,1000,0.0
134.0,5088.261194029851,681827.0,auto,1000,0.0
139.0,5075.273381294964,705463.0,auto,1000,0.0
248.0,5049.056451612903,1252166.0,auto,1000,0.0
148.0,5126.574324324324,758733.0,auto,1000,0.0
127.0,5120.921259842519,650357.0,auto,1000,0.0
93.0,5145.559139784947,478537.00000000006,auto,1000,0.0
130.0,5041.169230769231,655352.0,auto,1000,0.0
110.0,5108.818181818182,561970.0,auto,1000,0.0
177.0,5102.35593220339,903117.0,auto,1000,0.0
350.0,5095.6,1783460.0000000002,auto,1000,0.0
231.0,5073.5670995671,1171994.0,auto,1000,0.0
324.0,5173.169753086419,1676107.0,auto,1000,0.0
112.0,4952.392857142857,554668.0,auto,1000,0.0
181.0,5113.878453038674,925612.0,auto,1000,0.0
162.0,5096.401234567901,825617.0,auto,1000,0.0
172.0,4970.889534883721,854993.0000000001,auto,1000,0.0
277.0,6755.090252707581,1871160.0,auto,1000,0.0
174.0,5290.379310344828,920526.0,auto,1000,0.0
138.0,4979.253623188406,687137.0,auto,1000,0.0
244.0,5077.606557377049,1238936.0,auto,1000,0.0
151.0,5076.6556291390725,766575.0,auto,1000,0.0
527.0,5030.867172675522,2651267.0,auto,1000,0.0
162.0,5092.16049382716,824930.0,auto,1000,0.0
118.0,5055.5847457627115,596559.0,auto,1000,0.0
128.0,4967.9453125,635897.0,auto,1000,0.0
573.0,5070.125654450262,2905182.0,auto,1000,0.0
128.0,4953.1640625,634005.0,auto,1000,0.0
280.0,5040.803571428572,1411425.0,auto,1000,0.0
136.0,5076.875,690455.0,auto,1000,0.0
88.0,4961.363636363636,436600.0,auto,1000,0.0
107.0,4967.616822429906,531535.0,auto,1000,0.0
141.0,4969.765957446809,700737.0,auto,1000,0.0
110.0,4986.681818181818,548535.0,auto,1000,0.0
92.0,4962.771739130435,456575.0,auto,1000,0.0
106.0,5031.1509433962265,533302.0,auto,1000,0.0
176.0,4931.681818181818,867976.0,auto,1000,0.0
159.0,4998.553459119496,794769.9999999999,auto,1000,0.0
67.0,5163.776119402985,345973.0,auto,1000,0.0
95.0,5137.473684210527,488060.00000000006,auto,1000,0.0
188.0,5139.877659574468,966297.0000000001,auto,1000,0.0
97.0,5241.98969072165,508473.00000000006,auto,1000,0.0
90.0,5135.5888888888885,462202.99999999994,auto,1000,0.0
1597.0,5191.768315591735,8291254.0,auto,1000,0.0
106.0,5142.188679245283,545072.0,auto,1000,0.0
120.0,5120.666666666667,614480.0,auto,1000,0.0
114.0,5199.122807017544,592700.0,auto,1000,0.0
68.0,5162.632352941177,351059.0,auto,1000,0.0
74.0,5216.22972972973,386001.0,auto,1000,0.0
200.0,5278.055,1055611.0,auto,1000,0.0
168.0,5291.273809523809,888934.0,auto,1000,0.0
118.0,5286.593220338983,623818.0,auto,1000,0.0
70.0,5208.442857142857,364591.0,auto,1000,0.0
71.0,5203.760563380281,369467.0,auto,1000,0.0
266.0,5162.402255639097,1373199.0,auto,1000,0.0
100.0,5219.38,521938.0,auto,1000,0.0
245.0,5130.428571428572,1256955.0,auto,1000,0.0
216.0,5199.574074074074,1123108.0,auto,1000,0.0
117.0,5039.529914529914,589625.0,auto,1000,0.0
74.0,5179.7972972972975,383305.0,auto,1000,0.0
71.0,5029.211267605634,357074.0,auto,1000,0.0
178.0,6349.73595505618,1130253.0,yffO,1000,0.75
94.0,5769.351063829788,542319.0,yffO,1000,0.75
94.0,6460.606382978724,607297.0,yffO,1000,0.75
67.0,6493.2835820895525,435050.0,yffO,1000,0.75
175.0,5665.64,991487.0,yffO,1000,0.75
73.0,5980.232876712329,436557.0,yffO,1000,0.75
204.0,6494.656862745098,1324910.0,yffO,1000,0.75
262.0,6101.599236641221,1598619.0,yffO,1000,0.75
129.0,6495.15503875969,837875.0,yffO,1000,0.75
122.0,5326.516393442623,649835.0,yffO,1000,0.75
113.0,6079.29203539823,686960.0,yffO,1000,0.75
153.0,7038.313725490196,1076862.0,yffO,1000,0.75
131.0,6269.801526717557,821344.0,yffO,1000,0.75
273.0,6311.175824175824,1722951.0,yffO,1000,0.75
119.0,6248.151260504202,743530.0,yffO,1000,0.75
110.0,7197.827272727272,791761.0,yffO,1000,0.75
237.0,6452.295358649789,1529194.0,yffO,1000,0.75
353.0,6650.781869688385,2347726.0,yffO,1000,0.75
105.0,7574.752380952381,795349.0,yffO,1000,0.75
77.0,7161.311688311688,551421.0,yffO,1000,0.75
200.0,6485.845,1297169.0,yffO,1000,0.75
300.0,7577.63,2273289.0,yffO,1000,0.75
82.0,6672.40243902439,547137.0,yffO,1000,0.75
146.0,5794.842465753424,846046.9999999999,yffO,1000,0.75
139.0,7375.935251798561,1025255.0,yffO,1000,0.75
92.0,6304.652173913043,580028.0,yffO,1000,0.75
109.0,5862.532110091744,639016.0,yffO,1000,0.75
238.0,7150.6134453781515,1701846.0,yffO,1000,0.75
84.0,5968.511904761905,501355.0,yffO,1000,0.75
382.0,6968.9031413612565,2662121.0,yffO,1000,0.75
326.0,7338.926380368098,2392490.0,yffO,1000,0.75
80.0,6327.8875,506231.0,yffO,1000,0.75
153.0,6929.104575163398,1060153.0,yffO,1000,0.75
141.0,5998.106382978724,845733.0,yffO,1000,0.75
249.0,6381.020080321285,1588874.0,yffO,1000,0.75
88.0,5651.193181818182,497305.0,yffO,1000,0.75
124.0,7561.435483870968,937618.0,yffO,1000,0.75
81.0,6070.925925925926,491745.0,yffO,1000,0.75
194.0,5552.072164948454,1077102.0,yffO,1000,0.75
101.0,5486.039603960396,554090.0,yffO,1000,0.75
183.0,6270.68306010929,1147535.0,yffO,1000,0.75
366.0,6542.497267759562,2394554.0,yffO,1000,0.75
293.0,6029.795221843004,1766730.0,yffO,1000,0.75
104.0,7618.923076923077,792368.0,yffO,1000,0.75
387.0,6659.441860465116,2577204.0,yffO,1000,0.75
98.0,6833.663265306122,669699.0,yffO,1000,0.75
90.0,5962.044444444445,536584.0,yffO,1000,0.75
162.0,6115.469135802469,990706.0,yffO,1000,0.75
342.0,6996.198830409357,2392700.0,yffO,1000,0.75
74.0,7544.364864864865,558283.0,yffO,1000,0.75
227.0,5603.616740088106,1272021.0,yffO,1000,0.75
93.0,6402.698924731183,595451.0,yffO,1000,0.75
150.0,5876.946666666667,881542.0,yffO,1000,0.75
94.0,6046.202127659574,568343.0,yffO,1000,0.75
330.0,6016.581818181819,1985472.0000000002,yffO,1000,0.75
200.0,6082.695,1216539.0,yffO,1000,0.75
109.0,5663.559633027523,617328.0,yffO,1000,0.75
166.0,5969.325301204819,990908.0,yffO,1000,0.75
160.0,6224.45625,995913.0,yffO,1000,0.75
109.0,6019.220183486239,656095.0,yffO,1000,0.75
83.0,5622.457831325301,466664.0,yffO,1000,0.75
104.0,5395.509615384615,561133.0,yffO,1000,0.75
106.0,6478.924528301887,686766.0,yffO,1000,0.75
300.0,6420.413333333333,1926124.0,yffO,1000,0.5
215.0,5713.948837209302,1228499.0,yffO,1000,0.5
110.0,6409.254545454545,705018.0,yffO,1000,0.5
143.0,5420.475524475524,775128.0,yffO,1000,0.5
535.0,8283.244859813085,4431536.000000001,yffO,1000,0.5
76.0,6189.25,470383.0,yffO,1000,0.5
67.0,7127.373134328358,477534.0,yffO,1000,0.5
257.0,7495.844357976654,1926432.0,yffO,1000,0.5
84.0,6013.023809523809,505094.0,yffO,1000,0.5
74.0,5517.0675675675675,408263.0,yffO,1000,0.5
75.0,6413.573333333334,481018.0,yffO,1000,0.5
122.0,6724.040983606557,820333.0,yffO,1000,0.5
105.0,6146.5142857142855,645384.0,yffO,1000,0.5
97.0,6137.855670103093,595372.0,yffO,1000,0.5
91.0,6870.120879120879,625181.0,yffO,1000,0.5
72.0,6990.319444444444,503303.0,yffO,1000,0.5
655.0,7683.177099236641,5032481.0,yffO,1000,0.5
91.0,6452.010989010989,587133.0,yffO,1000,0.5
74.0,7697.459459459459,569612.0,yffO,1000,0.5
94.0,7262.436170212766,682669.0,yffO,1000,0.5
83.0,6715.638554216867,557398.0,yffO,1000,0.5
195.0,6409.758974358974,1249903.0,yffO,1000,0.5
80.0,6310.175,504814.0,yffO,1000,0.5
435.0,6406.857471264368,2786983.0,yffO,1000,0.5
171.0,5519.8421052631575,943892.9999999999,yffO,1000,0.5
116.0,5447.508620689655,631911.0,yffO,1000,0.5
127.0,8940.401574803149,1135431.0,yffO,1000,0.5
87.0,7569.862068965517,658578.0,yffO,1000,2.0
113.0,7703.6814159292035,870516.0,yffO,1000,2.0
90.0,8006.022222222222,720542.0,yffO,1000,2.0
174.0,7122.574712643678,1239328.0,yffO,1000,2.0
128.0,7020.953125,898682.0,yffO,1000,2.0
97.0,9966.37113402062,966738.0,yffO,1000,2.0
90.0,9392.044444444444,845284.0,yffO,1000,2.0
209.0,13040.248803827752,2725412.0,yffO,1000,2.0
86.0,8150.186046511628,700916.0,yffO,1000,2.0
224.0,9328.63392857143,2089614.0000000002,yffO,1000,2.0
440.0,11481.013636363636,5051646.0,yffO,1000,2.0
84.0,10810.619047619048,908092.0,yffO,1000,2.0
251.0,10252.749003984063,2573440.0,yffO,1000,2.0
78.0,11807.333333333334,920972.0,yffO,1000,2.0
246.0,10879.682926829268,2676402.0,yffO,1000,2.0
96.0,12615.416666666666,1211080.0,yffO,1000,2.0
76.0,12208.394736842105,927838.0,yffO,1000,2.0
178.0,7509.3707865168535,1336668.0,yffO,1000,2.0
223.0,7832.358744394619,1746616.0,yffO,1000,2.0
152.0,15688.934210526315,2384718.0,yffO,1000,2.0
96.0,7067.4375,678474.0,yffO,1000,2.0
83.0,9779.349397590362,811686.0,yffO,1000,2.0
665.0,10237.35037593985,6807838.0,yffO,1000,2.0
69.0,8929.014492753624,616102.0,yffO,1000,2.0
252.0,9586.484126984127,2415794.0,yffO,1000,2.0
103.0,7553.902912621359,778052.0,yffO,1000,2.0
336.0,11988.416666666666,4028108.0,yffO,1000,2.0
241.0,9914.655601659751,2389432.0,yffO,1000,2.0
73.0,10281.86301369863,750576.0,yffO,1000,2.0
75.0,10074.64,755598.0,yffO,1000,2.0
158.0,12417.645569620254,1961988.0,yffO,1000,2.0
102.0,7892.274509803921,805012.0,yffO,1000,2.0
105.0,9103.2,955836.0000000001,yffO,1000,2.0
334.0,10329.269461077844,3449975.9999999995,yffO,1000,2.0
276.0,11627.623188405798,3209224.0,yffO,1000,2.0
452.0,11285.362831858407,5100984.0,yffO,1000,2.0
142.0,8519.366197183099,1209750.0,yffO,1000,2.0
290.0,7323.441379310345,2123798.0,yffO,1000,2.0
256.0,7606.2109375,1947190.0,yffO,1000,2.0
120.0,9009.9,1081188.0,yffO,1000,2.0
293.0,10878.006825938566,3187256.0,yffO,1000,2.0
110.0,8454.527272727273,929998.0,yffO,1000,2.0
99.0,8887.212121212122,879834.0000000001,yffO,1000,2.0
164.0,10568.890243902439,1733298.0,yffO,1000,2.0
109.0,14241.871559633028,1552364.0,yffO,1000,2.0
131.0,11211.75572519084,1468740.0,yffO,1000,2.0
261.0,7221.6628352490425,1884854.0,yffO,1000,2.0
166.0,11768.506024096385,1953572.0,yffO,1000,2.0
544.0,10194.650735294117,5545890.0,yffO,1000,2.0
138.0,7771.086956521739,1072410.0,yffO,1000,2.0
221.0,10786.199095022625,2383750.0,yffO,1000,2.0
327.0,8934.220183486239,2921490.0,yffO,1000,2.0
298.0,9707.771812080537,2892916.0,yffO,1000,2.0
84.0,10867.309523809523,912853.9999999999,yffO,1000,2.0
425.0,9583.87294117647,4073146.0,yffO,1000,2.0
116.0,6817.741379310345,790858.0,yffO,1000,0.75
296.0,6964.996621621622,2061639.0,yffO,1000,0.75
100.0,6911.3,691130.0,yffO,1000,0.75
222.0,6579.68018018018,1460689.0,yffO,1000,0.75
1018.0,6090.2465618860515,6199871.0,yffO,1000,0.75
259.0,6527.5675675675675,1690640.0,yffO,1000,0.75
175.0,7123.12,1246546.0,yffO,1000,0.75
90.0,7559.077777777778,680317.0,yffO,1000,0.75
328.0,7800.356707317073,2558517.0,yffO,1000,0.75
369.0,7515.073170731707,2773062.0,yffO,1000,0.75
197.0,6281.0609137055835,1237369.0,yffO,1000,0.75
153.0,7115.607843137255,1088688.0,yffO,1000,0.75
252.0,6529.571428571428,1645452.0,yffO,1000,0.75
263.0,6130.384030418251,1612291.0,yffO,1000,0.75
81.0,5710.2962962962965,462534.0,yffO,1000,0.75
87.0,5564.413793103448,484104.0,yffO,1000,0.75
71.0,5799.5352112676055,411767.0,yffO,1000,0.75
92.0,5844.826086956522,537724.0,yffO,1000,0.75
152.0,6251.434210526316,950218.0,yffO,1000,0.75
141.0,7496.730496453901,1057039.0,yffO,1000,0.75
127.0,5755.748031496063,730980.0,yffO,1000,0.75
105.0,6457.971428571429,678087.0,yffO,1000,0.75
131.0,5864.458015267175,768244.0,yffO,1000,0.75
102.0,5611.8725490196075,572411.0,yffO,1000,0.75
128.0,5996.953125,767610.0,yffO,1000,0.75
85.0,7462.694117647059,634329.0,yffO,1000,0.75
151.0,6075.907284768212,917462.0,yffO,1000,0.75
96.0,6219.260416666667,597049.0,yffO,1000,0.75
110.0,7888.245454545455,867707.0,yffO,1000,0.75
162.0,6914.462962962963,1120143.0,yffO,1000,0.75
88.0,6166.647727272727,542665.0,yffO,1000,0.75
90.0,5676.7,510903.0,yffO,1000,0.75
132.0,5488.287878787879,724454.0,yffO,1000,0.75
297.0,8734.127946127946,2594036.0,yffO,1000,2.0
77.0,7415.272727272727,570976.0,yffO,1000,2.0
78.0,13054.97435897436,1018288.0,yffO,1000,2.0
241.0,9977.410788381743,2404556.0,yffO,1000,2.0
152.0,9829.368421052632,1494064.0,yffO,1000,2.0
855.0,10417.700584795322,8907134.0,yffO,1000,2.0
189.0,9522.190476190477,1799694.0000000002,yffO,1000,2.0
756.0,11673.28835978836,8825006.0,yffO,1000,2.0
66.0,10406.969696969696,686860.0,yffO,1000,2.0
79.0,11207.088607594937,885360.0,yffO,1000,2.0
241.0,11987.269709543569,2888932.0,yffO,1000,2.0
70.0,14776.628571428571,1034364.0,yffO,1000,2.0
77.0,9438.285714285714,726748.0,yffO,1000,2.0
93.0,11985.655913978495,1114666.0,yffO,1000,2.0
78.0,8711.23076923077,679476.0,yffO,1000,2.0
119.0,12756.840336134454,1518064.0,yffO,1000,2.0
85.0,7709.15294117647,655278.0,yffO,1000,2.0
85.0,5056.705882352941,429820.0,yffO,1000,0.5
111.0,6417.927927927928,712390.0,yffO,1000,0.5
199.0,7317.145728643216,1456112.0,yffO,1000,0.5
420.0,7359.226190476191,3090875.0,yffO,1000,0.5
142.0,5227.070422535211,742244.0,yffO,1000,0.5
109.0,5711.238532110092,622525.0,yffO,1000,0.5
115.0,7363.817391304347,846839.0,yffO,1000,0.5
82.0,6686.121951219512,548262.0,yffO,1000,0.5
122.0,6768.122950819672,825711.0,yffO,1000,0.5
152.0,6494.2828947368425,987131.0000000001,yffO,1000,0.5
80.0,6950.675,556054.0,yffO,1000,0.5
181.0,6906.342541436464,1250048.0,yffO,1000,0.5
183.0,6092.579234972678,1114942.0,yffO,1000,0.5
147.0,6381.789115646258,938123.0,yffO,1000,0.5
97.0,5439.360824742268,527618.0,yffO,1000,0.5
138.0,6719.050724637681,927229.0,yffO,1000,0.5
91.0,6614.021978021978,601876.0,yffO,1000,0.5
184.0,5807.233695652174,1068531.0,yffO,1000,0.5
165.0,5675.284848484848,936422.0,yffO,1000,0.5
104.0,7972.0192307692305,829090.0,yffO,1000,0.5
95.0,6178.747368421053,586981.0,yffO,1000,0.5
75.0,5739.173333333333,430438.0,yffO,1000,0.5
87.0,6727.80459770115,585319.0,yffO,1000,0.5
151.0,5763.2913907284765,870257.0,yffO,1000,0.5
99.0,6584.323232323232,651848.0,yffO,1000,0.5
93.0,5619.645161290323,522627.00000000006,yffO,1000,0.5
615.0,6949.759349593496,4274102.0,yffO,1000,0.5
300.0,6854.19,2056256.9999999998,yffO,1000,0.5
114.0,7861.982456140351,896266.0,yffO,1000,0.5
82.0,7513.475609756098,616105.0,yffO,1000,0.5
192.0,8101.291666666667,1555448.0,yffO,1000,0.5
77.0,6453.181818181818,496895.0,yffO,1000,0.5
110.0,7198.190909090909,791801.0,yffO,1000,0.5
160.0,6414.1625,1026266.0,yffO,1000,0.5
333.0,6551.09009009009,2181513.0,yffO,1000,0.5
127.0,5605.748031496063,711930.0,yffO,1000,0.5
250.0,6903.336,1725834.0,yffO,1000,0.5
131.0,6917.06106870229,906135.0,yffO,1000,0.5
153.0,7977.392156862745,1220541.0,yffO,1000,0.5
89.0,6600.269662921349,587424.0,yffO,1000,0.5
136.0,6106.683823529412,830509.0,yffO,1000,0.5
146.0,6096.890410958904,890146.0,yffO,1000,0.5
325.0,7527.6461538461535,2446485.0,yffO,1000,0.5
203.0,6079.1970443349755,1234077.0,yffO,1000,0.5
164.0,5537.371951219512,908129.0,yffO,1000,0.75
142.0,5953.056338028169,845334.0,yffO,1000,0.75
105.0,6320.72380952381,663676.0,yffO,1000,0.75
88.0,6717.181818181818,591112.0,yffO,1000,0.75
272.0,7025.47794117647,1910930.0,yffO,1000,0.75
101.0,5560.207920792079,561581.0,yffO,1000,0.75
187.0,7407.5668449197865,1385215.0,yffO,1000,0.75
125.0,6559.576,819947.0,yffO,1000,0.75
159.0,7026.779874213837,1117258.0,yffO,1000,0.75
135.0,6227.666666666667,840735.0,yffO,1000,0.75
96.0,6698.614583333333,643067.0,yffO,1000,0.75
82.0,6909.268292682927,566560.0,yffO,1000,0.75
260.0,5472.446153846154,1422836.0,yffO,1000,0.75
86.0,5318.732558139535,457411.00000000006,yffO,1000,0.75
100.0,5975.88,597588.0,yffO,1000,0.75
114.0,6041.587719298245,688741.0,yffO,1000,0.75
77.0,6112.935064935065,470696.00000000006,yffO,1000,0.75
194.0,6059.845360824742,1175610.0,yffO,1000,0.75
140.0,7144.885714285714,1000284.0,yffO,1000,0.75
122.0,6230.934426229508,760174.0,yffO,1000,0.75
145.0,6964.68275862069,1009879.0,yffO,1000,0.75
104.0,5254.413461538462,546459.0,yffO,1000,0.75
163.0,7403.484662576687,1206768.0,yffO,1000,0.75
131.0,6538.038167938931,856483.0,yffO,1000,0.75
87.0,6407.9885057471265,557495.0,yffO,1000,0.75
74.0,6185.675675675676,457740.0,yffO,1000,0.75
160.0,6016.8,962688.0,yffO,1000,0.75
108.0,5908.787037037037,638149.0,yffO,1000,0.75
95.0,6391.0842105263155,607153.0,yffO,1000,0.75
147.0,5577.598639455782,819907.0,yffO,1000,0.75
137.0,5407.240875912409,740792.0,yffO,1000,0.75
171.0,7515.853801169591,1285211.0,yffO,1000,0.75
154.0,5194.350649350649,799930.0,yffO,1000,0.75
103.0,6433.203883495145,662620.0,yffO,1000,0.75
268.0,5904.690298507463,1582457.0,yffO,1000,0.75
167.0,6177.353293413174,1031618.0,yffO,1000,0.75
95.0,6239.2947368421055,592733.0,yffO,1000,0.75
108.0,7162.611111111111,773562.0,yffO,1000,0.75
203.0,6892.975369458128,1399274.0,yffO,1000,0.75
155.0,5689.5161290322585,881875.0000000001,yffO,1000,0.75
131.0,6109.083969465649,800290.0,yffO,1000,0.75
165.0,6529.309090909091,1077336.0,yffO,1000,0.75
96.0,5901.3125,566526.0,yffO,1000,0.75
103.0,5676.747572815534,584705.0,yffO,1000,0.75
114.0,5579.412280701755,636053.0,yffO,1000,0.75
121.0,5817.528925619835,703921.0,yffO,1000,0.75
117.0,5332.863247863248,623945.0,yffO,1000,0.75
125.0,6267.96,783495.0,yffO,1000,0.75
122.0,6515.172131147541,794851.0,yffO,1000,0.75
268.0,5099.182835820896,1366581.0,yffO,1000,0.25
109.0,5153.155963302752,561694.0,yffO,1000,0.25
119.0,5056.731092436975,601751.0,yffO,1000,0.25
175.0,5062.788571428571,885988.0,yffO,1000,0.25
73.0,5953.821917808219,434629.0,yffO,1000,0.25
162.0,5120.537037037037,829527.0000000001,yffO,1000,0.25
85.0,5050.4,429283.99999999994,yffO,1000,0.25
167.0,5156.856287425149,861194.9999999999,yffO,1000,0.25
120.0,5075.175,609021.0,yffO,1000,0.25
152.0,5172.881578947368,786278.0,yffO,1000,0.25
99.0,5196.323232323232,514436.0,yffO,1000,0.25
202.0,5146.287128712871,1039549.9999999999,yffO,1000,0.25
130.0,5203.692307692308,676480.0,yffO,1000,0.25
97.0,8156.701030927835,791200.0,yffO,1000,0.25
274.0,5348.332116788321,1465443.0,yffO,1000,0.25
231.0,5175.476190476191,1195535.0,yffO,1000,0.25
125.0,5205.856,650732.0,yffO,1000,0.25
183.0,5184.672131147541,948795.0,yffO,1000,0.25
90.0,5103.311111111111,459298.0,yffO,1000,0.25
112.0,5555.375,622202.0,yffO,1000,0.25
138.0,5178.557971014493,714641.0,yffO,1000,0.25
83.0,5058.855421686747,419885.0,yffO,1000,0.25
102.0,5130.980392156863,523360.0,yffO,1000,0.25
194.0,5044.670103092783,978666.0,yffO,1000,0.25
126.0,5044.087301587301,635555.0,yffO,1000,0.25
112.0,5123.678571428572,573852.0,yffO,1000,0.25
216.0,5033.972222222223,1087338.0,yffO,1000,0.25
265.0,5202.188679245283,1378580.0,yffO,1000,0.25
240.0,5955.479166666667,1429315.0,yffO,1000,0.25
112.0,4919.616071428572,550997.0,yffO,1000,0.25
185.0,5042.227027027027,932812.0000000001,yffO,1000,0.25
129.0,5176.829457364341,667811.0,yffO,1000,0.25
273.0,5356.813186813187,1462410.0,yffO,1000,0.25
99.0,5106.111111111111,505505.0,yffO,1000,0.25
299.0,5106.80602006689,1526935.0,yffO,1000,0.25
192.0,5142.84375,987426.0,yffO,1000,0.25
166.0,5170.391566265061,858285.0000000001,yffO,1000,0.25
73.0,5170.931506849315,377478.0,yffO,1000,0.25
120.0,5097.558333333333,611707.0,yffO,1000,0.25
182.0,5157.549450549451,938674.0,yffO,1000,0.25
165.0,5176.169696969697,854068.0,yffO,1000,0.25
113.0,5221.088495575221,589983.0,yffO,1000,0.25
134.0,5215.350746268657,698857.0,yffO,1000,0.25
199.0,5354.748743718593,1065595.0,yffO,1000,0.25
121.0,5115.925619834711,619027.0,yffO,1000,0.25
109.0,5104.238532110092,556362.0,yffO,1000,0.25
120.0,5083.541666666667,610025.0,yffO,1000,0.25
151.0,5026.761589403974,759041.0,yffO,1000,0.25
126.0,5173.293650793651,651835.0,yffO,1000,0.25
204.0,4990.676470588235,1018098.0,yffO,1000,0.25
97.0,5035.40206185567,488433.99999999994,yffO,1000,0.25
99.0,5282.010101010101,522918.99999999994,yffO,1000,0.25
268.0,5040.268656716418,1350792.0,yffO,1000,0.25
104.0,5857.7692307692305,609208.0,yffO,1000,1.0
101.0,6580.138613861386,664594.0,yffO,1000,1.0
109.0,6304.146788990825,687152.0,yffO,1000,1.0
174.0,7052.3218390804595,1227104.0,yffO,1000,1.0
145.0,5447.862068965517,789940.0,yffO,1000,1.0
208.0,5819.163461538462,1210386.0,yffO,1000,1.0
174.0,6426.942528735633,1118288.0,yffO,1000,1.0
166.0,6470.879518072289,1074166.0,yffO,1000,1.0
121.0,7117.338842975207,861198.0,yffO,1000,1.0
169.0,6282.674556213018,1061772.0,yffO,1000,1.0
109.0,6580.348623853211,717258.0,yffO,1000,1.0
124.0,6501.6612903225805,806206.0,yffO,1000,1.0
107.0,6382.560747663551,682934.0,yffO,1000,1.0
130.0,5470.415384615385,711154.0,yffO,1000,1.0
115.0,7075.113043478261,813638.0,yffO,1000,0.5
96.0,7170.854166666667,688402.0,yffO,1000,0.5
104.0,6338.5192307692305,659206.0,yffO,1000,0.5
111.0,7205.243243243243,799782.0,yffO,1000,0.5
101.0,6315.861386138614,637902.0,yffO,1000,0.5
123.0,5556.154471544715,683407.0,yffO,1000,0.5
109.0,6433.908256880734,701296.0,yffO,1000,0.5
184.0,7401.010869565217,1361786.0,yffO,1000,0.5
115.0,6425.686956521739,738954.0,yffO,1000,0.5
158.0,5580.297468354431,881687.0,yffO,1000,0.5
94.0,6570.414893617021,617619.0,yffO,1000,0.5
121.0,5772.677685950413,698494.0,yffO,1000,0.5
126.0,6573.357142857143,828243.0,yffO,1000,0.5
98.0,6854.428571428572,671734.0,yffO,1000,0.5
136.0,7102.375,965923.0,yffO,1000,0.5
86.0,7261.279069767442,624470.0,yffO,1000,0.5
110.0,6800.254545454545,748028.0,yffO,1000,1.0
118.0,6048.8983050847455,713770.0,yffO,1000,1.0
135.0,6408.251851851852,865114.0,yffO,1000,1.0
152.0,6668.105263157895,1013552.0,yffO,1000,1.0
163.0,7112.036809815951,1159262.0,yffO,1000,1.0
132.0,6249.045454545455,824874.0,yffO,1000,1.0
100.0,6960.1,696010.0,yffO,1000,1.0
121.0,6859.190082644628,829962.0,yffO,1000,1.0
87.0,7495.264367816092,652088.0,yffO,1000,1.0
83.0,6426.240963855422,533378.0,yffO,1000,1.0
86.0,6683.906976744186,574816.0,yffO,1000,1.0
95.0,5567.263157894737,528890.0,yffO,1000,1.0
132.0,6228.090909090909,822108.0,yffO,1000,1.0
91.0,7629.67032967033,694300.0,yffO,1000,1.0
103.0,6147.26213592233,633168.0,yffO,1000,1.0
92.0,6701.847826086957,616570.0,yffO,1000,1.0
99.0,6755.818181818182,668826.0,yffO,1000,1.0
98.0,5969.306122448979,584992.0,yffO,1000,1.0
97.0,5940.886597938144,576266.0,yffO,1000,1.0
129.0,6811.178294573643,878642.0,yffO,1000,1.0
145.0,7654.88275862069,1109958.0,yffO,1000,1.0
154.0,5981.935064935065,921218.0000000001,yffO,1000,1.0
79.0,6629.544303797468,523734.0,yffO,1000,1.0
189.0,6228.539682539683,1177194.0,yffO,1000,1.0
121.0,7802.826446280992,944142.0,yffO,1000,1.0
158.0,7355.949367088608,1162240.0,yffO,1000,1.0
137.0,5495.970802919708,752948.0,yffO,1000,1.0
89.0,7160.516853932584,637286.0,yffO,1000,1.0
105.0,5954.72380952381,625246.0,yffO,1000,1.0
120.0,5709.05,685086.0,yffO,1000,1.0
161.0,7277.689440993789,1171708.0,yffO,1000,1.0
132.0,6775.348484848485,894346.0,yffO,1000,1.0
73.0,5054.534246575343,368981.00000000006,yffO,1000,0.25
69.0,5065.521739130435,349521.0,yffO,1000,0.25
129.0,4953.945736434109,639059.0,yffO,1000,0.25
99.0,5035.393939393939,498503.99999999994,yffO,1000,0.25
103.0,5036.145631067961,518723.0,yffO,1000,0.25
138.0,5030.760869565217,694245.0,yffO,1000,0.25
211.0,5316.298578199052,1121739.0,yffO,1000,0.25
126.0,5144.8650793650795,648253.0,yffO,1000,0.25
288.0,5163.350694444444,1487045.0,yffO,1000,0.25
346.0,5254.436416184971,1818035.0,yffO,1000,0.25
128.0,5074.234375,649502.0,yffO,1000,0.25
91.0,5177.087912087912,471114.99999999994,yffO,1000,0.25
667.0,5245.299850074963,3498615.0,yffO,1000,0.25
89.0,5118.797752808989,455573.0,yffO,1000,0.25
107.0,5090.841121495327,544720.0,yffO,1000,0.25
99.0,5193.777777777777,514183.99999999994,yffO,1000,0.25
68.0,5142.411764705882,349684.0,yffO,1000,0.25
317.0,6079.0347003154575,1927054.0,yffO,1000,0.25
123.0,5201.959349593496,639841.0,yffO,1000,0.25
180.0,5210.511111111111,937892.0,yffO,1000,0.25
174.0,5005.097701149425,870887.0,yffO,1000,0.25
145.0,5171.3448275862065,749845.0,yffO,1000,0.25
243.0,5236.6872427983535,1272515.0,yffO,1000,0.25
252.0,5116.825396825397,1289440.0,yffO,1000,0.25
102.0,5165.862745098039,526918.0,yffO,1000,0.25
104.0,5414.509615384615,563109.0,yffO,1000,0.25
269.0,6560.118959107806,1764672.0,yffO,1000,0.25
124.0,5095.943548387097,631897.0,yffO,1000,0.25
80.0,5140.4375,411235.0,yffO,1000,0.25
152.0,5274.460526315789,801718.0,yffO,1000,0.25
163.0,5103.306748466258,831839.0,yffO,1000,0.25
146.0,5089.917808219178,743128.0,yffO,1000,0.25
227.0,5179.3964757709255,1175723.0,yffO,1000,0.25
116.0,5049.6551724137935,585760.0,yffO,1000,0.25
97.0,5073.6082474226805,492140.0,yffO,1000,0.25
181.0,5169.149171270718,935616.0,yffO,1000,0.25
102.0,5035.029411764706,513573.00000000006,yffO,1000,0.25
117.0,4989.948717948718,583824.0,yffO,1000,0.25
95.0,4900.421052631579,465540.0,yffO,1000,0.25
116.0,5140.068965517241,596248.0,yffO,1000,0.25
119.0,5174.36974789916,615750.0,yffO,1000,0.25
87.0,5359.0114942528735,466234.0,yffO,1000,0.25
213.0,5696.478873239436,1213350.0,yffO,1000,0.25
130.0,5161.453846153846,670989.0,yffO,1000,0.25
90.0,5110.233333333334,459921.0,yffO,1000,0.25
141.0,5196.7943262411345,732748.0,yffO,1000,0.25
99.0,5085.989898989899,503513.00000000006,yffO,1000,0.25
111.0,5138.423423423424,570365.0,yffO,1000,0.25
164.0,5295.274390243902,868425.0,yffO,1000,0.25
170.0,5168.217647058824,878597.0,yffO,1000,0.25
138.0,5176.81884057971,714401.0,yffO,1000,0.25
134.0,5464.4701492537315,732239.0,yffO,1000,0.25
119.0,5211.495798319328,620168.0,yffO,1000,0.25
112.0,5142.321428571428,575940.0,yffO,1000,0.25
189.0,5255.015873015873,993198.0,yffO,1000,0.25
133.0,5227.87969924812,695308.0,yffO,1000,0.25
196.0,5220.086734693878,1023137.0,yffO,1000,0.25
157.0,5202.713375796178,816826.0,yffO,1000,0.25
171.0,5161.3859649122805,882597.0,yffO,1000,0.25
154.0,5207.084415584415,801890.9999999999,yffO,1000,0.25
264.0,6318.261363636364,1668021.0,yffO,1000,0.25
213.0,5092.699530516432,1084745.0,auto,1000,0.0
138.0,5073.0,700074.0,auto,1000,0.0
88.0,5092.272727272727,448120.0,auto,1000,0.0
72.0,5060.291666666667,364341.0,auto,1000,0.0
93.0,5059.5268817204305,470536.00000000006,auto,1000,0.0
66.0,5111.681818181818,337371.0,auto,1000,0.0
185.0,5153.345945945946,953369.0000000001,auto,1000,0.0
64.0,5001.265625,320081.0,auto,1000,0.0
123.0,5261.3983739837395,647152.0,auto,1000,0.0
170.0,5140.482352941176,873881.9999999999,auto,1000,0.0
398.0,5216.78391959799,2076279.9999999998,auto,1000,0.0
87.0,5232.574712643678,455234.0,auto,1000,0.0
445.0,5284.611235955056,2351652.0,auto,1000,0.0
69.0,5341.130434782609,368538.0,auto,1000,0.0
76.0,5148.5921052631575,391292.99999999994,auto,1000,0.0
121.0,5099.619834710744,617054.0,auto,1000,0.0
130.0,5258.492307692308,683604.0,auto,1000,0.0
241.0,5233.2282157676345,1261208.0,auto,1000,0.0
77.0,5168.532467532467,397977.0,auto,1000,0.0
621.0,5171.020933977456,3211204.0,auto,1000,0.0
542.0,5109.110701107011,2769138.0,auto,1000,0.0
122.0,5079.811475409836,619737.0,auto,1000,0.0
186.0,5008.333333333333,931550.0,auto,1000,0.0
127.0,6117.614173228347,776937.0,yffO,1000,0.5
209.0,5661.406698564593,1183234.0,yffO,1000,0.5
103.0,6091.52427184466,627427.0,yffO,1000,0.5
147.0,6866.802721088436,1009420.0,yffO,1000,0.5
128.0,5746.1640625,735509.0,yffO,1000,0.5
167.0,6307.526946107784,1053357.0,yffO,1000,0.5
122.0,5875.836065573771,716852.0,yffO,1000,0.5
85.0,6751.1882352941175,573851.0,yffO,1000,0.5
119.0,6316.882352941177,751709.0,yffO,1000,0.5
134.0,6308.328358208955,845316.0,yffO,1000,0.5
97.0,7041.1752577319585,682994.0,yffO,1000,0.5
134.0,7604.559701492537,1019011.0,yffO,1000,0.5
87.0,6777.747126436781,589664.0,yffO,1000,0.5
70.0,5793.128571428571,405519.0,yffO,1000,0.5
159.0,5843.037735849057,929043.0,yffO,1000,0.5
418.0,5841.435406698564,2441720.0,yffO,1000,0.75
145.0,6470.462068965518,938217.0,yffO,1000,0.75
218.0,6240.091743119266,1360340.0,yffO,1000,0.75
159.0,6917.5157232704405,1099885.0,yffO,1000,0.75
162.0,6667.679012345679,1080164.0,yffO,1000,0.75
131.0,5816.725190839695,761991.0,yffO,1000,0.75
124.0,6330.774193548387,785016.0,yffO,1000,0.75
90.0,7029.044444444445,632614.0,yffO,1000,0.75
349.0,6611.467048710601,2307402.0,yffO,1000,0.75
112.0,6447.446428571428,722114.0,yffO,1000,0.75
107.0,5393.429906542056,577097.0,yffO,1000,0.75
624.0,6879.948717948718,4293088.0,yffO,1000,0.75
125.0,6753.168,844146.0,yffO,1000,0.75
104.0,5122.961538461538,532788.0,yffO,1000,0.75
378.0,6490.859788359789,2453545.0,yffO,1000,0.75
126.0,5970.992063492064,752345.0,yffO,1000,0.5
179.0,6954.173184357542,1244797.0,yffO,1000,0.5
96.0,6599.479166666667,633550.0,yffO,1000,0.5
189.0,7190.174603174603,1358943.0,yffO,1000,0.5
84.0,6574.869047619048,552289.0,yffO,1000,0.5
82.0,6035.609756097561,494920.0,yffO,1000,0.5
289.0,7068.038062283737,2042663.0,yffO,1000,0.5
90.0,6673.655555555555,600629.0,yffO,1000,0.5
141.0,6006.113475177305,846862.0,yffO,1000,0.5
76.0,7117.1973684210525,540907.0,yffO,1000,0.5
82.0,5674.475609756098,465307.0,yffO,1000,0.5
233.0,6399.476394849786,1491078.0,yffO,1000,0.5
554.0,6183.442238267148,3425627.0,yffO,1000,0.5
178.0,6976.955056179775,1241898.0,yffO,1000,0.5
134.0,6043.238805970149,809794.0,yffO,1000,0.5
85.0,6207.305882352941,527621.0,yffO,1000,0.5
1137.0,6526.299032541777,7420402.0,yffO,1000,0.5
122.0,6565.680327868852,801013.0,yffO,1000,0.5
143.0,5781.944055944056,826818.0,yffO,1000,0.5
73.0,5484.630136986301,400378.0,yffO,1000,0.5
81.0,6108.419753086419,494782.0,yffO,1000,0.5
76.0,6236.0,473936.0,yffO,1000,0.5
99.0,7026.787878787879,695652.0,yffO,1000,0.5
252.0,7276.162698412699,1833593.0,yffO,1000,0.5
82.0,6681.975609756098,547922.0,yffO,1000,0.5
97.0,6473.98969072165,627977.0,yffO,1000,0.5
92.0,7043.70652173913,648021.0,yffO,1000,0.5
119.0,6045.336134453782,719395.0,yffO,1000,0.5
71.0,6343.12676056338,450362.0,yffO,1000,0.5
105.0,6791.038095238096,713059.0,yffO,1000,0.5
104.0,6315.4807692307695,656810.0,yffO,1000,0.5
95.0,6250.684210526316,593815.0,yffO,1000,0.5
96.0,6457.052083333333,619877.0,yffO,1000,0.5
79.0,7103.2405063291135,561156.0,yffO,1000,0.5
103.0,7060.378640776699,727219.0,yffO,1000,0.5
162.0,7778.87037037037,1260177.0,yffO,1000,0.5
116.0,6426.293103448276,745450.0,yffO,1000,0.5
91.0,7000.153846153846,637014.0,yffO,1000,0.5
87.0,7329.057471264367,637628.0,yffO,1000,0.5
128.0,5994.1484375,767251.0,yffO,1000,0.5
170.0,10886.95294117647,1850782.0,yffO,1000,2.0
84.0,7475.857142857143,627972.0,yffO,1000,2.0
116.0,9410.810344827587,1091654.0,yffO,1000,2.0
81.0,9492.74074074074,768912.0,yffO,1000,2.0
178.0,8467.61797752809,1507236.0000000002,yffO,1000,2.0
112.0,12612.55357142857,1412606.0,yffO,1000,2.0
138.0,9298.376811594202,1283176.0,yffO,1000,2.0
74.0,8615.27027027027,637530.0,yffO,1000,2.0
131.0,13163.725190839694,1724448.0,yffO,1000,2.0
176.0,15168.386363636364,2669636.0,yffO,1000,2.0
97.0,12502.659793814433,1212758.0,yffO,1000,2.0
84.0,10096.857142857143,848136.0,yffO,1000,2.0
65.0,12573.138461538461,817254.0,yffO,1000,2.0
349.0,8752.022922636103,3054456.0,yffO,1000,2.0
80.0,9095.275,727622.0,yffO,1000,2.0
74.0,11455.702702702703,847722.0,yffO,1000,2.0
114.0,11258.684210526315,1283490.0,yffO,1000,2.0
166.0,9082.301204819278,1507662.0,yffO,1000,2.0
77.0,6241.038961038961,480560.0,yffO,1000,0.75
342.0,6419.745614035088,2195553.0,yffO,1000,0.75
91.0,6018.989010989011,547728.0,yffO,1000,0.75
182.0,7278.175824175824,1324628.0,yffO,1000,0.75
141.0,6740.687943262411,950437.0,yffO,1000,0.75
100.0,5740.13,574013.0,yffO,1000,0.75
103.0,6259.514563106796,644730.0,yffO,1000,0.75
190.0,6754.736842105263,1283400.0,yffO,1000,0.75
103.0,6569.543689320389,676663.0,yffO,1000,0.75
375.0,8926.48,3347430.0,yffO,1000,0.75
84.0,7727.809523809524,649136.0,yffO,1000,0.75
104.0,5456.509615384615,567477.0,yffO,1000,0.75
384.0,6684.6953125,2566923.0,yffO,1000,0.75
241.0,6250.377593360996,1506341.0,yffO,1000,0.75
169.0,6846.781065088758,1157106.0,yffO,1000,0.75
222.0,6228.036036036036,1382624.0,yffO,1000,0.75
73.0,6782.643835616438,495133.0,yffO,1000,0.75
112.0,6259.169642857143,701027.0,yffO,1000,0.75
82.0,6530.609756097561,535510.0,yffO,1000,0.75
151.0,6224.695364238411,939929.0,yffO,1000,0.75
95.0,7641.221052631579,725916.0,yffO,1000,0.75
131.0,5883.015267175572,770675.0,yffO,1000,0.75
129.0,7225.15503875969,932045.0,yffO,1000,0.75
87.0,7574.287356321839,658963.0,yffO,1000,0.75
99.0,6128.363636363636,606708.0,yffO,1000,0.75
123.0,6567.414634146341,807792.0,yffO,1000,0.75
82.0,6701.804878048781,549548.0,yffO,1000,0.75
147.0,7920.625850340136,1164332.0,yffO,1000,2.0
88.0,9184.522727272728,808238.0,yffO,1000,2.0
430.0,11249.13488372093,4837128.0,yffO,1000,2.0
427.0,9519.896955503513,4064996.0,yffO,1000,2.0
118.0,9533.93220338983,1125004.0,yffO,1000,2.0
286.0,10610.601398601399,3034632.0,yffO,1000,2.0
218.0,8647.752293577982,1885210.0,yffO,1000,2.0
95.0,7704.2947368421055,731908.0,yffO,1000,2.0
268.0,10016.962686567163,2684546.0,yffO,1000,2.0
65.0,8968.8,582972.0,yffO,1000,2.0
350.0,9605.085714285715,3361780.0,yffO,1000,2.0
204.0,11166.70588235294,2278008.0,yffO,1000,2.0
91.0,11768.989010989011,1070978.0,yffO,1000,2.0
232.0,10605.965517241379,2460584.0,yffO,1000,2.0
122.0,6748.606557377049,823330.0,yffO,1000,2.0
102.0,10625.29411764706,1083780.0,yffO,1000,2.0
398.0,12382.939698492462,4928410.0,yffO,1000,2.0
106.0,9361.981132075472,992370.0000000001,yffO,1000,2.0
115.0,8215.391304347826,944770.0,yffO,1000,2.0
80.0,8148.15,651852.0,yffO,1000,2.0
349.0,8537.530085959885,2979597.9999999995,yffO,1000,2.0
211.0,8537.914691943128,1801500.0,yffO,1000,2.0
74.0,9092.81081081081,672867.9999999999,yffO,1000,2.0
68.0,10763.411764705883,731912.0,yffO,1000,2.0
80.0,5906.2375,472499.0,yffO,1000,0.5
120.0,6427.716666666666,771326.0,yffO,1000,0.5
251.0,7005.589641434263,1758403.0,yffO,1000,0.5
136.0,6419.316176470588,873027.0,yffO,1000,0.5
106.0,8405.575471698114,890991.0,yffO,1000,0.5
245.0,6606.044897959184,1618481.0,yffO,1000,0.5
269.0,5669.977695167287,1525224.0,yffO,1000,0.5
205.0,6347.629268292683,1301264.0,yffO,1000,0.5
172.0,7225.5058139534885,1242787.0,yffO,1000,0.5
109.0,5765.623853211009,628453.0,yffO,1000,0.5
102.0,6988.411764705882,712818.0,yffO,1000,0.5
231.0,6990.220779220779,1614741.0,yffO,1000,0.5
96.0,7331.072916666667,703783.0,yffO,1000,0.5
78.0,6903.24358974359,538453.0,yffO,1000,0.5
83.0,6416.192771084337,532544.0,yffO,1000,0.5
87.0,8165.0,710355.0,yffO,1000,0.5
146.0,6795.315068493151,992116.0,yffO,1000,0.5
298.0,5930.812080536913,1767382.0,yffO,1000,0.75
115.0,5974.078260869565,687019.0,yffO,1000,0.75
326.0,6745.10736196319,2198905.0,yffO,1000,0.75
128.0,6535.4453125,836537.0,yffO,1000,0.75
74.0,7388.783783783784,546770.0,yffO,1000,0.75
441.0,6719.598639455782,2963343.0,yffO,1000,0.75
419.0,7301.828162291169,3059466.0,yffO,1000,0.75
161.0,7035.888198757764,1132778.0,yffO,1000,0.75
244.0,6381.795081967213,1557158.0,yffO,1000,0.75
190.0,7019.368421052632,1333680.0,yffO,1000,0.75
375.0,6883.632,2581362.0,yffO,1000,0.75
251.0,7088.330677290836,1779171.0,yffO,1000,0.75
103.0,5781.650485436893,595510.0,yffO,1000,0.75
351.0,5705.424501424502,2002604.0,yffO,1000,0.75
242.0,6296.838842975207,1523835.0,yffO,1000,0.75
435.0,6766.885057471264,2943595.0,yffO,1000,0.75
116.0,6326.586206896552,733884.0,yffO,1000,0.5
94.0,6822.489361702128,641314.0,yffO,1000,0.5
76.0,6830.223684210527,519097.0,yffO,1000,0.5
134.0,6975.746268656716,934750.0,yffO,1000,0.5
164.0,6531.0,1071084.0,yffO,1000,0.5
98.0,6646.183673469388,651326.0,yffO,1000,0.5
120.0,8919.933333333332,1070392.0,yffO,1000,0.5
96.0,7013.385416666667,673285.0,yffO,1000,0.5
76.0,7258.973684210527,551682.0,yffO,1000,0.5
183.0,6007.486338797814,1099370.0,yffO,1000,0.5
108.0,6750.231481481482,729025.0,yffO,1000,0.5
111.0,6562.873873873874,728479.0,yffO,1000,0.5
131.0,5184.992366412213,679234.0,yffO,1000,0.25
117.0,5314.222222222223,621764.0,yffO,1000,0.25
72.0,5029.847222222223,362149.0,yffO,1000,0.25
75.0,6452.933333333333,483970.0,yffO,1000,0.25
158.0,5231.348101265823,826553.0,yffO,1000,0.25
317.0,5248.444794952681,1663757.0,yffO,1000,0.25
80.0,5217.175,417374.0,yffO,1000,0.25
85.0,5185.376470588235,440757.0,yffO,1000,0.25
148.0,5198.128378378378,769323.0,yffO,1000,0.25
243.0,5227.85596707819,1270369.0,yffO,1000,0.25
86.0,5259.441860465116,452312.0,yffO,1000,0.25
82.0,5022.768292682927,411867.0,yffO,1000,0.25
86.0,5193.779069767442,446665.0,yffO,1000,0.25
206.0,5223.519417475728,1076045.0,yffO,1000,0.25
162.0,5254.197530864198,851180.0,yffO,1000,0.25
101.0,5138.475247524752,518986.0,yffO,1000,0.25
1487.0,5306.528581035643,7890808.000000001,yffO,1000,0.25
245.0,5225.289795918367,1280196.0,yffO,1000,0.25
232.0,5291.120689655172,1227540.0,yffO,1000,0.25
155.0,5104.6322580645165,791218.0,yffO,1000,0.25
71.0,5374.6760563380285,381602.0,yffO,1000,0.25
116.0,5656.129310344828,656111.0,yffO,1000,0.25
169.0,5172.786982248521,874201.0,yffO,1000,0.25
64.0,5235.203125,335053.0,yffO,1000,0.25
67.0,5200.850746268657,348457.0,yffO,1000,0.25
106.0,5038.16037735849,534045.0,yffO,1000,0.25
83.0,5081.566265060241,421770.0,yffO,1000,0.25
74.0,5907.324324324324,437142.0,yffO,1000,1.0
89.0,6642.651685393258,591196.0,yffO,1000,1.0
125.0,6094.944,761868.0,yffO,1000,1.0
67.0,6965.850746268657,466712.0,yffO,1000,1.0
78.0,5868.051282051282,457708.0,yffO,1000,1.0
151.0,6548.41059602649,988809.9999999999,yffO,1000,1.0
73.0,7191.178082191781,524956.0,yffO,1000,1.0
100.0,6295.56,629556.0,yffO,1000,1.0
78.0,6753.666666666667,526786.0,yffO,1000,1.0
102.0,6630.450980392156,676306.0,yffO,1000,1.0
67.0,5991.014925373134,401398.0,yffO,1000,1.0
113.0,8023.8938053097345,906700.0,yffO,1000,1.0
91.0,6262.241758241758,569864.0,yffO,1000,1.0
93.0,7368.430107526881,685264.0,yffO,1000,1.0
83.0,6203.1325301204815,514859.99999999994,yffO,1000,1.0
87.0,7338.528735632184,638452.0,yffO,1000,1.0
99.0,7422.404040404041,734818.0,yffO,1000,1.0
81.0,6105.061728395061,494510.0,yffO,1000,1.0
156.0,7940.282051282052,1238684.0,yffO,1000,1.0
88.0,7246.113636363636,637658.0,yffO,1000,1.0
74.0,8830.567567567568,653462.0000000001,yffO,1000,1.0
74.0,6126.72972972973,453378.0,yffO,1000,1.0
65.0,6432.892307692307,418138.0,yffO,1000,1.0
79.0,6924.93670886076,547070.0,yffO,1000,1.0
75.0,6333.386666666666,475004.0,yffO,1000,1.0
76.0,7438.710526315789,565342.0,yffO,1000,1.0
97.0,7442.969072164949,721968.0,yffO,1000,1.0
124.0,9512.322580645161,1179528.0,yffO,1000,1.0
950.0,7244.717894736842,6882482.0,yffO,1000,1.0
120.0,5922.116666666667,710654.0,yffO,1000,1.0
188.0,8564.904255319148,1610202.0,yffO,1000,1.0
287.0,9200.982578397212,2640682.0,yffO,1000,1.0
79.0,6263.949367088608,494852.0,yffO,1000,1.0
154.0,8741.454545454546,1346184.0,yffO,1000,1.0
139.0,7111.582733812949,988510.0,yffO,1000,1.0
95.0,5485.5368421052635,521126.00000000006,yffO,1000,1.0
109.0,9000.018348623853,981002.0,yffO,1000,1.0
86.0,6403.930232558139,550738.0,yffO,1000,1.0
64.0,7876.28125,504082.0,yffO,1000,1.0
158.0,9391.759493670887,1483898.0,yffO,1000,1.0
102.0,7222.117647058823,736656.0,yffO,1000,1.0
87.0,7547.770114942528,656656.0,yffO,1000,1.0
121.0,5900.710743801653,713986.0,yffO,1000,1.0
80.0,6943.125,555450.0,yffO,1000,1.0
275.0,6850.138181818182,1883788.0,yffO,1000,1.0
64.0,6823.375,436696.0,yffO,1000,1.0
140.0,6442.728571428572,901982.0,yffO,1000,1.0
81.0,7350.666666666667,595404.0,yffO,1000,1.0
111.0,6027.387387387387,669040.0,yffO,1000,1.0
184.0,6864.228260869565,1263018.0,yffO,1000,1.0
123.0,6976.715447154472,858136.0,yffO,1000,1.0
88.0,6038.818181818182,531416.0,yffO,1000,1.0
209.0,7041.598086124402,1471694.0,yffO,1000,1.0
70.0,7637.6,534632.0,yffO,1000,1.0
184.0,7297.315217391304,1342706.0,yffO,1000,1.0
70.0,7569.028571428571,529832.0,yffO,1000,1.0
77.0,6204.493506493506,477746.0,yffO,1000,1.0
230.0,7459.008695652174,1715572.0,yffO,1000,1.0
192.0,8554.96875,1642554.0,yffO,1000,1.0
340.0,6562.494117647058,2231248.0,yffO,1000,1.0
68.0,6193.294117647059,421144.0,yffO,1000,1.0
135.0,5634.844444444445,760704.0000000001,yffO,1000,1.0
111.0,6460.792792792793,717148.0,yffO,1000,1.0
116.0,6475.896551724138,751204.0,yffO,1000,1.0
77.0,6819.480519480519,525100.0,yffO,1000,1.0
144.0,5951.541666666667,857022.0,yffO,1000,1.0
116.0,7236.672413793103,839454.0,yffO,1000,1.0
89.0,5603.078651685393,498674.0,yffO,1000,1.0
188.0,6181.531914893617,1162128.0,yffO,1000,1.0
119.0,5718.436974789916,680494.0,yffO,1000,1.0
117.0,5860.068376068376,685628.0,yffO,1000,1.0
81.0,7259.061728395061,587984.0,yffO,1000,1.0
65.0,5633.538461538462,366180.0,yffO,1000,1.0
65.0,5689.846153846154,369840.0,yffO,1000,1.0
83.0,5065.204819277108,420411.99999999994,yffO,1000,1.0
248.0,6271.362903225807,1555298.0,yffO,1000,1.0
157.0,6083.885350318471,955169.9999999999,yffO,1000,1.0
157.0,7609.044585987262,1194620.0,yffO,1000,1.0
97.0,5960.886597938144,578206.0,yffO,1000,1.0
142.0,6473.732394366197,919270.0,yffO,1000,1.0
126.0,7676.873015873016,967286.0,yffO,1000,1.0
161.0,6464.198757763975,1040735.9999999999,yffO,1000,1.0
86.0,7788.558139534884,669816.0,yffO,1000,1.0
94.0,7268.127659574468,683204.0,yffO,1000,1.0
143.0,6255.146853146854,894486.0000000001,yffO,1000,1.0
106.0,6166.1509433962265,653612.0,yffO,1000,1.0
573.0,7233.015706806283,4144518.0,yffO,1000,1.0
152.0,6832.6973684210525,1038570.0,yffO,1000,1.0
131.0,6487.618320610687,849878.0,yffO,1000,1.0
151.0,6771.986754966887,1022569.9999999999,yffO,1000,1.0
179.0,7039.7206703910615,1260110.0,yffO,1000,1.0
323.0,6771.393188854489,2187160.0,yffO,1000,1.0
292.0,7241.184931506849,2114426.0,yffO,1000,1.0
128.0,6237.09375,798348.0,yffO,1000,1.0
116.0,8791.551724137931,1019820.0,yffO,1000,1.0
493.0,7013.306288032454,3457560.0,yffO,1000,1.0
182.0,8704.681318681318,1584251.9999999998,yffO,1000,1.0
210.0,7553.428571428572,1586220.0,yffO,1000,1.0
178.0,8383.966292134832,1492346.0,yffO,1000,1.0
133.0,6877.127819548872,914658.0,yffO,1000,1.0
175.0,6699.165714285714,1172354.0,yffO,1000,1.0
366.0,6916.814207650274,2531554.0,yffO,1000,1.0
113.0,6674.761061946902,754248.0,yffO,1000,1.0
167.0,7400.203592814371,1235834.0,yffO,1000,1.0
82.0,6434.365853658536,527618.0,yffO,1000,1.0
124.0,5231.193548387097,648668.0,yffO,1000,0.25
94.0,5300.989361702128,498293.00000000006,yffO,1000,0.25
285.0,5237.624561403509,1492723.0,yffO,1000,0.25
113.0,5356.362831858407,605269.0,yffO,1000,0.25
192.0,5217.171875,1001697.0,yffO,1000,0.25
190.0,5133.978947368421,975456.0,yffO,1000,0.25
116.0,5140.293103448276,596274.0,yffO,1000,0.25
79.0,5231.113924050633,413258.0,yffO,1000,0.25
166.0,5271.903614457831,875136.0,yffO,1000,0.25
165.0,5228.430303030303,862690.9999999999,yffO,1000,0.25
93.0,5214.989247311828,484994.0,yffO,1000,0.25
105.0,5353.990476190476,562169.0,yffO,1000,0.25
146.0,5366.767123287671,783548.0,yffO,1000,0.25
164.0,5153.731707317073,845212.0,yffO,1000,0.25
121.0,5194.322314049587,628513.0,yffO,1000,0.25
114.0,5451.096491228071,621425.0,yffO,1000,0.25
102.0,5265.980392156863,537130.0,yffO,1000,0.25
168.0,5390.625,905625.0,yffO,1000,0.25
118.0,5326.872881355932,628571.0,yffO,1000,0.25
139.0,5138.625899280575,714269.0,yffO,1000,0.25
89.0,5279.23595505618,469852.0,yffO,1000,0.25
180.0,5128.638888888889,923155.0,yffO,1000,0.25
94.0,4985.212765957447,468610.0,yffO,1000,0.25
203.0,5175.231527093596,1050572.0,yffO,1000,0.25
91.0,5081.186813186813,462388.0,yffO,1000,0.25
147.0,5001.190476190476,735175.0,yffO,1000,0.25
209.0,5356.191387559808,1119444.0,yffO,1000,0.25
129.0,5035.6511627906975,649599.0,yffO,1000,0.25
173.0,5181.705202312139,896435.0,yffO,1000,0.25
136.0,5147.036764705882,699997.0,yffO,1000,0.25
223.0,5089.237668161435,1134900.0,yffO,1000,0.25
99.0,5039.959595959596,498956.00000000006,yffO,1000,0.25
221.0,5093.162895927602,1125589.0,yffO,1000,0.25
181.0,5040.933701657458,912408.9999999999,yffO,1000,0.25
457.0,5112.947483588621,2336617.0,yffO,1000,0.25
143.0,5153.664335664335,736974.0,yffO,1000,0.25
198.0,5210.207070707071,1031621.0,yffO,1000,0.25
303.0,5116.478547854786,1550293.0,yffO,1000,0.25
254.0,5160.36220472441,1310732.0,yffO,1000,0.25
101.0,5091.653465346535,514257.00000000006,yffO,1000,0.25
151.0,5185.556291390729,783019.0,yffO,1000,0.25
80.0,5203.925,416314.0,yffO,1000,0.25
104.0,5094.134615384615,529790.0,yffO,1000,0.25
112.0,5122.767857142857,573750.0,yffO,1000,0.25
92.0,5150.54347826087,473850.00000000006,yffO,1000,0.25
357.0,5352.669467787115,1910903.0,yffO,1000,0.25
162.0,5195.543209876543,841678.0,yffO,1000,0.25
130.0,5192.930769230769,675081.0,yffO,1000,0.25
291.0,5271.73883161512,1534076.0,yffO,1000,0.25
96.0,5232.1875,502290.0,yffO,1000,0.25
305.0,5259.91475409836,1604274.0,yffO,1000,0.25
180.0,5251.9944444444445,945359.0,yffO,1000,0.25
304.0,5157.253289473684,1567805.0,yffO,1000,0.25
338.0,5210.46449704142,1761137.0,yffO,1000,0.25
91.0,5231.923076923077,476105.0,yffO,1000,0.25
93.0,5424.580645161291,504486.00000000006,yffO,1000,0.25
292.0,5121.582191780822,1495502.0,yffO,1000,0.25
353.0,5160.730878186969,1821738.0,yffO,1000,0.25
173.0,5200.687861271676,899719.0,yffO,1000,0.25
194.0,5139.90206185567,997140.9999999999,yffO,1000,0.25
92.0,5183.717391304348,476902.0,yffO,1000,0.25
141.0,5032.872340425532,709635.0,yffO,1000,0.25
144.0,5394.902777777777,776866.0,yffO,1000,0.25
127.0,5134.393700787402,652068.0,yffO,1000,0.25
154.0,5065.909090909091,780150.0,yffO,1000,0.25
139.0,5143.892086330935,715001.0,yffO,1000,0.25
116.0,5088.568965517241,590274.0,yffO,1000,0.25
97.0,5302.432989690722,514336.00000000006,yffO,1000,0.25
130.0,5239.523076923077,681138.0,yffO,1000,0.25
198.0,5099.712121212121,1009743.0,yffO,1000,0.25
135.0,5131.377777777778,692736.0,yffO,1000,0.25
370.0,5149.116216216216,1905173.0,yffO,1000,0.25
163.0,5029.355828220859,819785.0,yffO,1000,0.25
100.0,5135.63,513563.0,yffO,1000,0.25
103.0,5290.0097087378645,544871.0,yffO,1000,0.25
106.0,5020.641509433963,532188.0,yffO,1000,0.25
131.0,5157.1297709923665,675584.0,yffO,1000,0.25
179.0,5092.212290502794,911506.0,yffO,1000,0.25
93.0,4993.182795698925,464366.0,yffO,1000,0.25
171.0,4985.748538011696,852563.0,yffO,1000,0.25
102.0,5072.64705882353,517410.00000000006,yffO,1000,0.25
205.0,5117.556097560976,1049099.0,yffO,1000,0.25
126.0,4996.6984126984125,629584.0,yffO,1000,0.25
165.0,5025.296969696969,829174.0,yffO,1000,0.25
304.0,5129.1776315789475,1559270.0,yffO,1000,0.25
164.0,5121.926829268293,839996.0,yffO,1000,0.1
131.0,5017.900763358779,657345.0,yffO,1000,0.1
88.0,5107.431818181818,449454.0,yffO,1000,0.1
81.0,5054.641975308642,409426.0,yffO,1000,0.1
107.0,5045.448598130841,539863.0,yffO,1000,0.1
518.0,5210.92277992278,2699258.0,yffO,1000,0.1
364.0,5694.64010989011,2072849.0,yffO,1000,0.1
86.0,5096.03488372093,438259.0,yffO,1000,0.1
107.0,5163.177570093458,552460.0,yffO,1000,0.1
346.0,5205.361271676301,1801055.0000000002,yffO,1000,0.1
393.0,5500.6106870229005,2161740.0,yffO,1000,0.1
312.0,5182.102564102564,1616816.0,yffO,1000,0.1
120.0,5209.916666666667,625190.0,yffO,1000,0.1
143.0,5034.741258741259,719968.0,yffO,1000,0.1
104.0,5225.846153846154,543488.0,yffO,1000,0.1
318.0,5155.157232704402,1639340.0,yffO,1000,0.1
137.0,5071.321167883211,694771.0,yffO,1000,0.1
136.0,5083.411764705882,691344.0,yffO,1000,0.1
117.0,5191.897435897436,607452.0,yffO,1000,0.1
115.0,5144.530434782609,591621.0,yffO,1000,0.1
303.0,5031.188118811881,1524450.0,yffO,1000,0.1
148.0,4981.331081081081,737237.0,yffO,1000,0.1
77.0,5145.38961038961,396195.0,yffO,1000,0.1
102.0,5071.117647058823,517254.0,yffO,1000,0.1
253.0,5008.185770750988,1267071.0,yffO,1000,0.1
125.0,5112.984,639123.0,yffO,1000,0.1
96.0,5094.46875,489069.0,yffO,1000,0.1
248.0,5019.278225806452,1244781.0,yffO,1000,0.1
190.0,4973.652631578947,944993.9999999999,yffO,1000,0.1
140.0,5239.171428571429,733484.0,yffO,1000,0.1
83.0,5120.361445783133,424990.0,yffO,1000,0.1
137.0,5529.313868613139,757516.0,yffO,1000,0.1
321.0,5126.280373831775,1645535.9999999998,yffO,1000,0.1
94.0,5043.063829787234,474048.0,yffO,1000,0.1
94.0,5179.340425531915,486858.0,yffO,1000,0.1
96.0,5127.072916666667,492199.0,yffO,1000,0.1
114.0,5070.245614035088,578008.0,yffO,1000,0.1
177.0,5266.045197740113,932089.9999999999,yffO,1000,0.1
127.0,5109.007874015748,648844.0,yffO,1000,0.1
181.0,5135.8011049723755,929580.0,yffO,1000,0.1
94.0,5109.329787234043,480277.0,yffO,1000,0.1
145.0,5083.68275862069,737134.0,yffO,1000,0.1
139.0,5137.230215827338,714075.0,yffO,1000,0.1
99.0,5042.949494949495,499252.0,yffO,1000,0.1
109.0,5036.935779816514,549026.0,yffO,1000,0.1
179.0,5189.480446927374,928917.0,yffO,1000,0.1
160.0,5136.0375,821766.0,yffO,1000,0.1
73.0,5164.630136986301,377018.0,yffO,1000,0.1
163.0,5165.245398773006,841935.0,yffO,1000,0.1
151.0,5217.7086092715235,787874.0,yffO,1000,0.1
89.0,5123.08988764045,455955.00000000006,yffO,1000,0.1
172.0,5155.872093023256,886810.0,yffO,1000,0.1
117.0,5191.111111111111,607360.0,yffO,1000,0.1
89.0,5126.056179775281,456219.0,yffO,1000,0.1
854.0,5256.0749414519905,4488688.0,yffO,1000,0.1
178.0,5141.842696629214,915248.0,yffO,1000,0.1
162.0,5164.9876543209875,836728.0,yffO,1000,0.1
220.0,5122.886363636364,1127035.0,yffO,1000,0.1
146.0,5186.986301369863,757300.0,yffO,1000,0.1
121.0,5183.330578512397,627183.0,yffO,1000,0.1
174.0,5148.551724137931,895848.0,yffO,1000,0.1
116.0,5019.931034482759,582312.0,yffO,1000,0.1
103.0,5112.223300970873,526559.0,yffO,1000,0.1
113.0,5021.41592920354,567420.0,yffO,1000,0.1
114.0,4991.894736842105,569076.0,yffO,1000,0.1
326.0,5088.039877300614,1658701.0,yffO,1000,0.1
81.0,5252.395061728395,425444.0,yffO,1000,0.1
92.0,5101.141304347826,469305.0,yffO,1000,0.1
411.0,5184.8004866180045,2130953.0,yffO,1000,0.1
378.0,5085.62962962963,1922368.0,yffO,1000,0.1
89.0,5136.483146067416,457147.0,yffO,1000,0.1
230.0,5121.334782608696,1177907.0,yffO,1000,0.1
92.0,5020.086956521739,461848.0,yffO,1000,0.1
283.0,5207.183745583039,1473633.0,yffO,1000,0.1
129.0,5006.937984496124,645895.0,yffO,1000,0.1
100.0,5043.29,504329.0,yffO,1000,0.1
237.0,4967.5864978902955,1177318.0,yffO,1000,0.1
485.0,5012.154639175258,2430895.0,yffO,1000,0.1
167.0,4996.035928143712,834338.0,yffO,1000,0.1
73.0,5040.602739726028,367964.0,yffO,1000,0.1
